mark_markid,mark_name,mark_addr_sect,mark_addr,mark_name1,mark_subunit,mark_subname,mark_flag,mark_xcoor67,mark_ycoor67,mark_html,mark_engname,mark_spot,mark_memo,mark_self,mark_addr_lie,marklev1,marklev2,marklev3,marklev4,marklev5
0950101357,摩斯漢堡,內湖區,東湖路110號,,,,0,311287.775,2773683.794,,,0,,,五分里,美食佳餚,西式料理,速食店,,
0950115989,摩斯漢堡,信義區,基隆路二段22之3號,,,,0,305546.542,2769623.925,,,0,,,中興里,美食佳餚,西式料理,速食店,,
0950127873,摩斯漢堡北投店,北投區,中央北路一段42之1號,,,,0,299663.189,2780924.12,,,0,,,,美食佳餚,西式料理,速食店,,
0950124544,摩斯漢堡民生店,松山區,民生東路四段114號,,,,0,305136.474,2772523.669,,,0,,,東昌里,美食佳餚,西式料理,速食店,,
0950127048,摩斯漢堡,文山區,指南路二段71號,,,,0,307206.936,2764766.013,,,0,,,萬興里,美食佳餚,西式料理,速食店,,
0950144693,摩斯漢堡,松山區,南京東路五段27號,,,,0,305482.934,2771828.174,,,0,,,東光里,美食佳餚,西式料理,速食店,,
0950149546,摩斯漢堡,士林區,中山北路六段730號,,,,0,302416.212,2778848.702,,,0,,,,美食佳餚,西式料理,速食店,,
0950500082,摩斯漢堡忠誠店,士林區,忠誠路一段188號,,,,0,302615.006,2778038.562,www.mos.com.tw/,Mos Burger Zhongzheng Branch ,1,,,忠誠里,美食佳餚,西式料理,速食店,,
0950500095,摩斯漢堡重慶北路店,大同區,重慶北路三段271號,,,,0,301024.336,2774076.332,www.mos.com.tw/,Mos Burger Chongqing N. Rd. Branch ,1,,,保安里,美食佳餚,西式料理,速食店,,
0950500135,摩斯漢堡民權西路店,中山區,民權西路25號1樓,,,,0,301783.144,2773060.073,www.mos.com.tw/,Mos Burger Minquan W. Rd. Branch ,1,,,集英里,美食佳餚,西式料理,速食店,,
0950156075,摩斯漢堡,中山區,大直街59號,,,,0,304290.116,2775329.318,,,0,,,大直里,美食佳餚,西式料理,速食店,,
0950500142,摩斯漢堡松江店,中山區,松江路156之1號,,,,0,302932.259,2772125.126,www.mos.com.tw/,Mos Burger Songjiang Branch ,1,,,中吉里,美食佳餚,西式料理,速食店,,
0950500459,摩斯漢堡台大店,大安區,羅斯福路四段1號,,,,0,303033.947,2767968.598,www.mos.com.tw/,Mos Burger Taida Branch ,0,,,學府里,美食佳餚,西式料理,速食店,,
0950500227,摩斯漢堡民生二店,松山區,民生東路五段184號,,,,0,306047.369,2772545.881,www.mos.com.tw/,Mos Burger MinSheng Second Branch ,1,,,,美食佳餚,西式料理,速食店,,
0950500098,摩斯漢堡明曜店,大安區,仁愛路四段151巷37號地下1層,,,,0,304879.528,2770589.407,www.mos.com.tw/,Mos Burger Mingyao Branch ,1,,,建倫里,美食佳餚,西式料理,速食店,,
0950500263,摩斯漢堡青年店,萬華區,青年路42號1樓,,,,0,300057.186,2768904.251,www.mos.com.tw/,Mos Burger qingnian Branch ,1,,,新和里,美食佳餚,西式料理,速食店,,
0950500086,摩斯漢堡福林店,士林區,福林路189號,,,,0,302881.526,2776824.072,www.mos.com.tw/,Mos Burger Fulin Branch ,1,,,福志里,美食佳餚,西式料理,速食店,,
0950500097,摩斯漢堡大安店,大安區,大安路一段237號,,,,0,304277.032,2769863.882,www.mos.com.tw/,Mos Burger Daan Branch ,1,,,德安里,美食佳餚,西式料理,速食店,,
0950500220,摩斯漢堡八德店,松山區,八德路三段123號,,,,0,305103.386,2771441.202,www.mos.com.tw/,Mos Burger Bade Rd. Branch ,1,,,復勢里,美食佳餚,西式料理,速食店,,
0950500077,摩斯漢堡天母東路店,士林區,天母東路21號,,,,0,302790.256,2779177.285,www.mos.com.tw/,Mos Burger Tianmu E. Rd.Branch ,1,,,天山里,美食佳餚,西式料理,速食店,,
0950500139,摩斯漢堡吉林店,中山區,吉林路27號,,,,0,302663.073,2771712.901,www.mos.com.tw/,Mos Burger Jilin Branch ,1,,,興亞里,美食佳餚,西式料理,速食店,,
0950500462,摩斯漢堡南港二店,南港區,園區街3之2號,,,,0,310910.497,2772618.689,www.mos.com.tw/,Mos Burger Nangang Second Branch ,0,,,三重里,美食佳餚,西式料理,速食店,,
0950500242,摩斯漢堡松山店,信義區,忠孝東路五段629號,,,,0,307633.417,2770742.34,www.mos.com.tw/,Mos Burger Songshan Branch ,1,,,永春里,美食佳餚,西式料理,速食店,,
0950500464,摩斯漢堡安和店,大安區,安和路一段70號,,,,0,304908.467,2770010.91,www.mos.com.tw/,Mos Burger Anhe Branch ,0,,,敦安里,美食佳餚,西式料理,速食店,,
0950500165,摩斯漢堡南昌店,中正區,南昌路一段44號,,,,0,301317.018,2769592.665,www.mos.com.tw/,Mos Burger Nanchang Branch ,1,,,龍福里,美食佳餚,西式料理,速食店,,
0950500167,摩斯漢堡重慶南路店,中正區,重慶南路一段127號,,,,,300962.271,2770737.931,www.mos.com.tw/,Mos Burger Chongqing S. Rd. Branch ,1,,,黎明里,美食佳餚,西式料理,速食店,,
0950500236,摩斯漢堡敦北店,松山區,敦化北路155巷1號,,,,0,304631.544,2772098.39,www.mos.com.tw/,Mos Burger Dunbei Branch ,1,,,中華里,美食佳餚,西式料理,速食店,,
0950152338,摩斯漢堡,信義區,莊敬路469號,,,,0,306484.228,2769082.914,,,0,,,,美食佳餚,西式料理,速食店,,
0950500105,摩斯漢堡和平東路店,大安區,和平東路一段278號,,,,0,303077.099,2768961.533,www.mos.com.tw/,Mos Burger Heping E. Rd. Branch,1,,,龍坡里,美食佳餚,西式料理,速食店,,
0950500107,摩斯漢堡忠孝二店,中正區,忠孝東路二段132號,,,,0,302838.727,2770781.269,www.mos.com.tw/,Mos Burger Zhongxiao Second Branch ,1,,,幸市里,美食佳餚,西式料理,速食店,,
0950500185,摩斯漢堡內湖店,內湖區,成功路四段202號,,,,0,309233.439,2775464.458,www.mos.com.tw/,Mos Burger Neihu Branch ,1,,,金龍里,美食佳餚,西式料理,速食店,,
0950500211,摩斯漢堡石牌公園店,北投區,石牌路一段39巷100號,,,,0,300565.491,2778964.251,www.mos.com.tw/,Mos Burger Shipai Gongyuan Branch ,1,,,吉利里,美食佳餚,西式料理,速食店,,
0950500825,摩斯漢堡仁愛一店,大安區,仁愛路四段37之11號,,,,0,304307.001,2770323.433,www.mos.com.tw/,Mos Burger Renai First Branch ,0,,,仁愛里,美食佳餚,西式料理,速食店,,
0950500113,摩斯漢堡金山店,大安區,金山南路二段121號,,,,0,302330.722,2769439.669,www.mos.com.tw/,Mos Burger Jinshan Branch ,1,,,永康里,美食佳餚,西式料理,速食店,,
0950500119,摩斯漢堡微風廣場店,松山區,復興南路一段39號地下1層,,,,0,304073.289,2771201.411,www.mos.com.tw/,Mos Burger Breeze Center Branch ,1,,,,美食佳餚,西式料理,速食店,,
0950500131,摩斯漢堡中北一店,中山區,中山北路二段9號,,,,0,301918.648,2771916.135,www.mos.com.tw/,Mos Burger Zhongbei First Branch ,1,,,康樂里,美食佳餚,西式料理,速食店,,
0950500456,摩斯漢堡敦南店,大安區,敦化南路二段81巷59號,,,,0,304783.826,2769422.584,www.mos.com.tw/,Mos Burger Dunnan Branch ,0,,,義安里,美食佳餚,西式料理,速食店,,
0950500120,摩斯漢堡復興南路店,大安區,復興南路二段151巷47號,,,,0,304232.043,2769244.17,www.mos.com.tw/,Mos Burger Fuxing S. Rd. Branch ,1,,,龍雲里,美食佳餚,西式料理,速食店,,
0950500138,摩斯漢堡民權店,中山區,民權東路三段5號,,,,0,303768.069,2773019.945,www.mos.com.tw/,Mos Burger Minquan Branch ,1,,,下埤里,美食佳餚,西式料理,速食店,,
0950500194,摩斯漢堡木新店,文山區,木新路三段170號,,,,0,305784.178,2764092.317,www.mos.com.tw/,Mos Burger Muxin Branch ,1,,,樟腳里,美食佳餚,西式料理,速食店,,
0950500201,摩斯漢堡景興店,文山區,景興路191號,,,,0,304106.751,2765237.495,www.mos.com.tw/,Mos Burger Jingxing Branch ,1,,,景東里,美食佳餚,西式料理,速食店,,
0950500205,摩斯漢堡興隆店,文山區,興隆路三段44號,,,,0,305253.593,2766128.743,www.mos.com.tw/,Mos Burger Xinglong Branch ,1,,,興得里,美食佳餚,西式料理,速食店,,
0950500133,摩斯漢堡北安店,中山區,北安路586號,,,,0,304519.681,2775078.852,www.mos.com.tw/,Mos Burger Beian Branch ,1,,,永安里,美食佳餚,西式料理,速食店,,
0950500160,摩斯漢堡捷運店,中正區,忠孝西路一段49號,,,,0,301403.403,2771294.766,www.mos.com.tw/,Mos Burger Jieyun Branch ,1,,,黎明里,美食佳餚,西式料理,速食店,,
0950500089,摩斯漢堡雙連店,大同區,民生西路77號,,,,0,301609.028,2772469.456,www.mos.com.tw/,Mos Burger Shuanglian Branch ,1,,,雙連里,美食佳餚,西式料理,速食店,,
0950500140,摩斯漢堡林森店,中山區,林森北路140號,,,,,302154.538,2771801.698,www.mos.com.tw/,Mos Burger Linsen Branch ,1,,,正得里,美食佳餚,西式料理,速食店,,
0950500255,摩斯漢堡昆陽店,南港區,忠孝東路六段444號,,,,0,309088.722,2771676.956,www.mos.com.tw/,Mos Burger Kunyang Branch ,1,,,新光里,美食佳餚,西式料理,速食店,,
0950500183,摩斯漢堡康寧店,內湖區,成功路五段63號,,,,0,310313.145,2774324.899,www.mos.com.tw/,Mos Burger Kangning Branch ,1,,,金湖里,美食佳餚,西式料理,速食店,,
0950500075,摩斯漢堡天母一店,士林區,天母北路85號,,,,0,302302.342,2779640.46,www.mos.com.tw/,Mos Burger Tianmu First Branch ,1,,,天母里,美食佳餚,西式料理,速食店,,
0950500103,摩斯漢堡光復店,大安區,光復南路552號,,,,0,305411.734,2769928.569,www.mos.com.tw/,Mos Burger Guangfu Branch ,1,,,光信里,美食佳餚,西式料理,速食店,,
0950500252,摩斯漢堡南港店,南港區,三重路19之8號,,,,0,311110.905,2772543.906,www.mos.com.tw/,Mos Burger Nangang Branch ,1,,,三重里,美食佳餚,西式料理,速食店,,
0950500155,摩斯漢堡國家音樂廳門市,中正區,中山南路21之1號,,,,0,301807.738,2769923.99,www.mos.com.tw/,Mos Burger Chinatrust Gung-Guan Branch ,1,,,東門里,美食佳餚,西式料理,速食店,,
0950500122,摩斯漢堡新生店,大安區,新生南路一段161之1號,,,,0,302954.33,2769908.074,www.mos.com.tw/,Mos Burger Xinsheng Branch ,1,,,民炤里,美食佳餚,西式料理,速食店,,
0950500126,摩斯漢堡羅斯福路店,大安區,羅斯福路三段233號,,,,0,302637.33,2768244.623,www.mos.com.tw/,Mos Burger Roosevelt Rd. Branch ,1,,,大學里,美食佳餚,西式料理,速食店,,
0950500130,摩斯漢堡中北二店,中山區,中山北路二段76號,,,,0,301895.971,2772406.726,www.mos.com.tw/,Mos Burger  Zhongbei Second Branch ,1,,,民安里,美食佳餚,西式料理,速食店,,
0950500158,摩斯漢堡公園店,中正區,公園路38號,,,,0,301304.502,2770937.724,www.mos.com.tw/,Mos Burger Gongyuan Branch ,1,,,黎明里,美食佳餚,西式料理,速食店,,
0961102164,摩斯漢堡信義通化店,大安區,信義路四段304號,,,,0,305156.602,2769745.242,,,0,,,,美食佳餚,西式料理,速食店,,
0980703696,摩斯漢堡西華店,松山區,民生東路三段113巷7弄1號,,,,,304303.08,2772587.127,,,,,,民有里,美食佳餚,西式料理,速食店,,
0981013729,摩斯漢堡,中山區,南京東路三段116號,,,,,303681.422,2771821.319,,,,,,力行里,美食佳餚,西式料理,速食店,,
0980703695,摩斯漢堡,大同區,長安西路219號,,,,,300878.148,2771842.452,,,,,,建功里,美食佳餚,西式料理,速食店,,
0991001364,摩斯漢堡,信義區,吳興街243號,,,,,306039.713,2769135.743,,,,,,三張里,美食佳餚,西式料理,速食店,,
0981005735,摩斯漢堡,大安區,和平東路二段365號1樓,,,,,304322.789,2768845.587,,,,,,群賢里,美食佳餚,西式料理,速食店,,
1010800176,摩斯漢堡,信義區,市府路45號地下1層,,,,,306074.621,2769869.038,,,,,,西村里,美食佳餚,西式料理,速食店,,
1021003178,摩斯漢堡,文山區,木柵路三段41之1號,,,,,306299.327,2764833.089,,,,,,木柵里,美食佳餚,西式料理,速食店,,
1011003598,摩斯漢堡台北凱撒店,中正區,忠孝西路一段38號地下1層,,,,,301276.257,2771202.648,,,,,,黎明里,美食佳餚,西式料理,速食店,,
1021003180,摩斯漢堡,內湖區,內湖路一段637號,,,,,307150.06,2775008.452,,,,,,港都里,美食佳餚,西式料理,速食店,,
0991008999,摩斯漢堡善導寺店,中正區,忠孝東路一段178號,,,,,302294.209,2770941.514,,,,,,幸福里,美食佳餚,西式料理,速食店,,
0950150795,摩斯漢堡  康華店,中山區,松江路274號,,,,0,302939.475,2772705.176,,,0,,,,美食佳餚,西式料理,速食店,,
0950500147,摩斯漢堡台北新光南西二店,中山區,南京西路14號地下1層,,,,0,301703.164,2771890.296,,,1,,,,美食佳餚,西式料理,速食店,,
0950500210,摩斯漢堡石牌捷運店,北投區,石牌路一段174號,,,,0,300978.464,2778762.723,www.mos.com.tw/,Mos Burger  Shipai Jieyun Branch ,1,,,榮光里,美食佳餚,西式料理,速食店,,
1021003183,摩斯漢堡,內湖區,文德路212號,,,,,308114.718,2774782.597,,,,,,紫陽里,美食佳餚,西式料理,速食店,,
0950500117,麥當勞台北信義店,大安區,信義路四段273號1樓,,,,0,305128.664,2769790.139,www.mcdonalds.com.tw/,McDonalds Taipei Xinyi Branch,1,,,敦煌里,美食佳餚,西式料理,速食店,,
0950500136,麥當勞民權三店,中山區,民權西路68號1樓,,,,0,301629.983,2773022.084,www.mcdonalds.com.tw/,McDonalds Minquan Third Branch,1,,,集英里,美食佳餚,西式料理,速食店,,
0950500145,麥當勞長春店,中山區,長春路172號,,,,0,303032.663,2772145.646,www.mcdonalds.com.tw/,McDonalds Changchun Branch,1,,,中央里,美食佳餚,西式料理,速食店,,
0950500262,麥當勞昆明店,萬華區,昆明街92之4號,,,,0,300153.191,2771049.013,www.mcdonalds.com.tw/,McDonalds Kunming Branch,1,,,萬壽里,美食佳餚,西式料理,速食店,,
0950500101,麥當勞台北敦南店,大安區,四維路170巷2號1樓,,,,0,304463.586,2769206.27,www.mcdonalds.com.tw/,McDonalds Taipei Tunnan Branch,1,,,群賢里,美食佳餚,西式料理,速食店,,
0950500215,麥當勞台北北投店,北投區,光明路218之3號,,,,0,300019.302,2781166.819,www.mcdonalds.com.tw/,McDonalds Taipei Beitou Branch,1,,,長安里,美食佳餚,西式料理,速食店,,
0950500209,麥當勞台北大業店,北投區,北投路二段15號,,,,0,299444.958,2780593.791,www.mcdonalds.com.tw/,McDonalds Taipei Daye Branch,1,,,大同里,美食佳餚,西式料理,速食店,,
0950500222,麥當勞京華城店,松山區,八德路四段138號,,,,0,305915.866,2771475.512,www.mcdonalds.com.tw/,McDonalds Living Mall Branch,1,,,復盛里,美食佳餚,西式料理,速食店,,
0950500235,麥當勞台北小巨蛋店,松山區,南京東路四段2號,,,,,304740.344,2771795.459,www.mcdonalds.com.tw/,McDonalds Taipei Arena Branch,1,,,美仁里,美食佳餚,西式料理,速食店,,
0950500826,麥當勞林森一店,中山區,南京東路一段86號,,,,0,302203.264,2771835.11,www.mcdonalds.com.tw/,McDonalds Linsen First Branch,0,,,正義里,美食佳餚,西式料理,速食店,,
0950500073,麥當勞士林店,士林區,中山北路五段602號,,,,0,302438.352,2776726.11,www.mcdonalds.com.tw/,McDonalds Shilin Branch,1,,,福志里,美食佳餚,西式料理,速食店,,
0950500125,麥當勞羅斯福店,大安區,羅斯福路二段45號,,,,0,301883.677,2769131.151,www.mcdonalds.com.tw/,McDonalds Roosevelt Branch,1,,,錦華里,美食佳餚,西式料理,速食店,,
0950500216,麥當勞台北承德二店,北投區,承德路七段262號1樓,,,,0,300194.044,2778925.122,www.mcdonalds.com.tw/,McDonalds Chengde Second Branch,1,,,立賢里,美食佳餚,西式料理,速食店,,
0950500087,麥當勞台北德行店,士林區,德行東路227號1樓,,,,0,302931.014,2778220.033,www.mcdonalds.com.tw/,McDonalds Taipei Dexing Branch,1,,,三玉里,美食佳餚,西式料理,速食店,,
0950500179,麥當勞台北內湖店,內湖區,內湖路一段741號1樓,,,,0,307514.574,2774858.936,www.mcdonalds.com.tw/,McDonalds Taipen Neihu Branch,1,,,港富里,美食佳餚,西式料理,速食店,,
0950500112,麥當勞忠孝五店,大安區,忠孝東路四段73之1號,,,,0,304363.87,2770721.88,www.mcdonalds.com.tw/,McDonalds Zhongxiao Fifth Branch,1,,,光武里,美食佳餚,西式料理,速食店,,
0950500184,麥當勞內湖成功二店,內湖區,成功路四段180號,,,,0,309068.18,2775356.61,www.mcdonalds.com.tw/,McDonalds Neihu Cheng Gong Second Branch,1,,,內湖里,美食佳餚,西式料理,速食店,,
0950500229,麥當勞民生二店,松山區,民生東路五段234號1樓,,,,0,306281.188,2772629.008,www.mcdonalds.com.tw/,McDonalds Minsheng Second Branch,1,,,新東里,美食佳餚,西式料理,速食店,,
0950500240,麥當勞忠孝二店,信義區,忠孝東路五段289號,,,,0,306838.671,2770662.35,www.mcdonalds.com.tw/,McDonalds Zhongxiao Second Branch,1,,,富台里,美食佳餚,西式料理,速食店,,
0950500254,麥當勞忠孝八店,南港區,忠孝東路六段438號1樓,,,,0,309065.54,2771670.918,www.mcdonalds.com.tw/,McDonalds Zhongxiao Eighth Branch,1,,,新光里,美食佳餚,西式料理,速食店,,
0950500102,麥當勞台北光復店,大安區,光復南路286號,,,,,305420.004,2770477.255,www.mcdonalds.com.tw/,McDonalds Guangfu Branch,1,,,正聲里,美食佳餚,西式料理,速食店,,
0950500118,麥當勞台北建國店,大安區,建國南路二段151巷40號,,,,0,303610.453,2769263.785,www.mcdonalds.com.tw/,McDonalds Taipei Jianguo Branch,1,,,新龍里,美食佳餚,西式料理,速食店,,
0950500164,麥當勞台北南昌店,中正區,南昌路一段149號1樓,,,,0,301510.814,2769341.855,www.mcdonalds.com.tw/,McDonalds Nanchang Branch,1,,,南福里,美食佳餚,西式料理,速食店,,
0950500230,麥當勞民權一店,松山區,民權東路三段128號,,,,0,304264.297,2772940.645,www.mcdonalds.com.tw/,McDonalds Minquan First Branch,1,,,,美食佳餚,西式料理,速食店,,
0950500123,麥當勞台北新生店,大安區,新生南路三段88之2號,,,,0,302997.051,2768086.343,www.mcdonalds.com.tw/,McDonalds Taipei Xinsheng Branch,1,,,大學里,美食佳餚,西式料理,速食店,,
0950500256,麥當勞台北南港店,南港區,南港路二段16號1樓,,,,0,310290.931,2772134.995,www.mcdonalds.com.tw/,McDonalds Nangang Branch,1,,,東明里,美食佳餚,西式料理,速食店,,
0950500121,麥當勞復興二店,大安區,復興南路二段273號,,,,0,304034.256,2768935.119,www.mcdonalds.com.tw/,McDonalds Fuxing Second Branch,1,,,群賢里,美食佳餚,西式料理,速食店,,
0950500233,麥當勞台北南京二店,松山區,南京東路五段162號1樓,,,,0,305983.509,2771771.162,www.mcdonalds.com.tw/,McDonalds Nanjin Second Branch,1,,,吉祥里,美食佳餚,西式料理,速食店,,
0950500241,麥當勞忠孝四店,信義區,忠孝東路五段522號1樓,,,,0,307611.748,2770685.566,www.mcdonalds.com.tw/,McDonalds Zhongxiao Forth Branch,1,,,松光里,美食佳餚,西式料理,速食店,,
0950500074,麥當勞士林中正店,士林區,中正路287號1樓,,,,0,302028.042,2776577.852,www.mcdonalds.com.tw/,McDonalds Shilin Zhong Zheng Branch,1,,,福德里,美食佳餚,西式料理,速食店,,
0950500137,麥當勞台北民權二店,中山區,民權東路二段43號1樓,,,,0,302688.217,2773037.802,www.mcdonalds.com.tw/,McDonalds Taipei Minquan Second Branch,1,,,新福里,美食佳餚,西式料理,速食店,,
0950500195,麥當勞台北考試院店,文山區,木柵路一段137號,,,,0,304715.412,2764722.055,www.mcdonalds.com.tw/,McDonalds Taipei The Examination Yuan of R.O.C Branch,1,,,華興里,美食佳餚,西式料理,速食店,,
0950500198,麥當勞台北指南店,文山區,指南路二段67號1樓,,,,0,307188.656,2764768.985,www.mcdonalds.com.tw/,McDonalds Zhinan Branch,1,,,萬興里,美食佳餚,西式料理,速食店,,
0950500239,麥當勞台北101店,信義區,市府路45號地下1層,,,,0,306074.621,2769869.038,www.mcdonalds.com.tw/,McDonalds Taipei 101 Branch,1,,,西村里,美食佳餚,西式料理,速食店,,
0950500260,麥當勞台北西園二店,萬華區,西園路二段240號,,,,0,299121.101,2769194.823,www.mcdonalds.com.tw/,McDonalds Xiyuan Second Branch,1,,,雙園里,美食佳餚,西式料理,速食店,,
0950500246,麥當勞台北紐約店,信義區,松壽路12號,,,,,306287.476,2770051.824,www.mcdonalds.com.tw/,McDonalds Taipei New York Branch,1,,,西村里,美食佳餚,西式料理,速食店,,
0950500257,麥當勞台北研究院店,南港區,研究院路一段99號,,,,0,311373.753,2771908.421,www.mcdonalds.com.tw/,McDonalds Taipei Academia Rd. Branch,1,,,新富里,美食佳餚,西式料理,速食店,,
0950500148,麥當勞台北南京西店,中山區,南京西路21號1樓,,,,0,301698.686,2771934.252,www.mcdonalds.com.tw/,McDonalds Taipei Nanjinxi Branch,1,,,民安里,美食佳餚,西式料理,速食店,,
0950500193,麥當勞內湖大潤發店,內湖區,舊宗路一段128號,,,,0,307516.723,2772858.926,www.mcdonalds.com.tw/,McDonalds Neihu Rt-Mart Branch,1,,,湖元里,美食佳餚,西式料理,速食店,,
0950500076,麥當勞天母店,士林區,天母西路9號,,,,0,302506.414,2779214.991,www.mcdonalds.com.tw/,McDonalds Tianmu Branch,1,,,天玉里,美食佳餚,西式料理,速食店,,
0950500171,麥當勞台北濟南店,中正區,濟南路二段66號1樓,,,,0,302890.075,2770529.755,www.mcdonalds.com.tw/,McDonalds Taipei Jinan Branch ,1,,,幸市里,美食佳餚,西式料理,速食店,,
0950500081,麥當勞高島屋店,士林區,忠誠路二段55號地下1層,,,,0,302764.461,2778471.552,www.mcdonalds.com.tw/,McDonalds Dayeh-Takashimaya Branch,1,,,三玉里,美食佳餚,西式料理,速食店,,
0950500152,麥當勞台北大直愛買店,中山區,敬業三路123號,,,,,305245.188,2775081.046,www.mcdonalds.com.tw/,McDonalds Taipei Dazhi Geant Branch,1,,,成功里,美食佳餚,西式料理,速食店,,
0950500243,麥當勞新光信義店,信義區,松高路12號地下2層,,,,0,306364.643,2770400.517,www.mcdonalds.com.tw/,McDonalds Xinguang Xinyi Branch,1,,,西村里,美食佳餚,西式料理,速食店,,
0950500163,麥當勞林森二店,中正區,林森南路1號,,,,0,301978.444,2771004.514,www.mcdonalds.com.tw/,McDonalds Linsen Second Branch,1,,,幸福里,美食佳餚,西式料理,速食店,,
0950500083,麥當勞重北一店,士林區,重慶北路四段123號,,,,,300816.73,2775217.343,www.mcdonalds.com.tw/,McDonalds Chongbei First Branch,1,,,福順里,美食佳餚,西式料理,速食店,,
0950500088,麥當勞民生三店,大同區,民生西路55號,,,,0,301669.674,2772478.452,www.mcdonalds.com.tw/,McDonalds Mingsheng Third Branch,1,,,雙連里,美食佳餚,西式料理,速食店,,
0950500134,麥當勞台北北安店,中山區,北安路626號1樓,,,,0,304560.197,2775256.216,www.mcdonalds.com.tw/,McDonalds Taipei Beian Branch,1,,,成功里,美食佳餚,西式料理,速食店,,
0950500206,麥當勞台北興隆店,文山區,興隆路三段54號,,,,0,305281.459,2766112.368,www.mcdonalds.com.tw/,McDonalds Taipei Xing Long Branch,1,,,興得里,美食佳餚,西式料理,速食店,,
0950500251,麥當勞台北莊敬店,信義區,莊敬路475號1樓,,,,0,306504.088,2769076.503,www.mcdonalds.com.tw/,McDonalds Taipei Zhuang Jing Branch,1,,,三張里,美食佳餚,西式料理,速食店,,
0950500232,麥當勞環亞店,松山區,南京東路三段337號,,,,0,304461.029,2771849.116,www.mcdonalds.com.tw/,McDonalds Huanya Branch,1,,,中正里,美食佳餚,西式料理,速食店,,
0950500196,麥當勞台北木柵店,文山區,木柵路三段57號1樓,,,,0,306355.671,2764843.106,www.mcdonalds.com.tw/,McDonalds Muzha Branch,1,,,木柵里,美食佳餚,西式料理,速食店,,
0950500208,麥當勞台北中央店,北投區,中央北路四段534號1樓,,,,0,296367.214,2780259.972,www.mcdonalds.com.tw/,McDonalds Taipei Zhongyang Branch,1,,,一德里,美食佳餚,西式料理,速食店,,
0950500170,麥當勞台北館前店,中正區,館前路8號,,,,0,301123.959,2771154.889,www.mcdonalds.com.tw/,McDonalds Guanqian Branch ,1,,,黎明里,美食佳餚,西式料理,速食店,,
0950500177,麥當勞台北西湖店,內湖區,內湖路一段283號1樓,,,,0,306277.028,2775233.041,www.mcdonalds.com.tw/,McDonalds Taipei Xihu Branch,1,,,西湖里,美食佳餚,西式料理,速食店,,
0950500190,麥當勞台北康寧店,內湖區,康寧路三段168號1樓,,,,0,310893.041,2773809.826,www.mcdonalds.com.tw/,McDonalds Taipei Kangning Branch,1,,,葫洲里,美食佳餚,西式料理,速食店,,
0950500237,麥當勞台北慶城店,松山區,慶城街8之1號,,,,0,304146.109,2771929.205,www.mcdonalds.com.tw/,McDonalds Taipei Qingcheng Branch,1,,,中正里,美食佳餚,西式料理,速食店,,
0950500266,麥當勞新成都店,萬華區,漢中街116號,,,,0,300370.264,2770835.581,www.mcdonalds.com.tw/,McDonalds Xin Chengdu Branch,1,,,西門里,美食佳餚,西式料理,速食店,,
0950500141,麥當勞林森三店,中山區,林森北路413號1樓,,,,0,302209.471,2772705.412,www.mcdonalds.com.tw/,McDonalds Linsen Third Branch,1,,,聚盛里,美食佳餚,西式料理,速食店,,
0950500202,麥當勞台北動物園店,文山區,新光路二段28號,,,,,307545.993,2765809.97,www.mcdonalds.com.tw/,McDonalds Taipei Zoo Branch,1,,,萬興里,美食佳餚,西式料理,速食店,,
0950500250,麥當勞台北三興店,信義區,基隆路二段99之1號1樓,,,,0,305456.491,2769388.145,www.mcdonalds.com.tw/,McDonalds Taipei Sanxing Branch,1,,,嘉興里,美食佳餚,西式料理,速食店,,
0950500084,麥當勞陽明山店,士林區,格致路62號,,,,0,304288.057,2781353.315,www.mcdonalds.com.tw/,McDonalds Yang Ming Mountain Branch,1,,,陽明里,美食佳餚,西式料理,速食店,,
0950500106,麥當勞台北麟光店,大安區,和平東路三段406巷8之2號1樓,,,,0,305481.357,2768128.656,www.mcdonalds.com.tw/,McDonalds Linguang Branch,1,,,黎和里,美食佳餚,西式料理,速食店,,
0950500110,麥當勞忠孝六店,大安區,忠孝東路四段226號,,,,0,305038.687,2770660.733,www.mcdonalds.com.tw/,McDonalds Zhongxiao Sixth Branch,1,,,車層里,美食佳餚,西式料理,速食店,,
0950500221,麥當勞台北八德店,松山區,八德路三段168號,,,,0,305210.789,2771406.44,www.mcdonalds.com.tw/,McDonalds Taipei Bade Branch,1,,,,美食佳餚,西式料理,速食店,,
0951202999,麥當勞台北西園二店,萬華區,西園路二段242號1樓,,,,0,299114.435,2769188.167,,,0,,,雙園里,美食佳餚,西式料理,速食店,,
0981017728,麥當勞台北木新店,文山區,木新路三段174號,,,,,305771.413,2764088.402,,,,,,樟腳里,美食佳餚,西式料理,速食店,,
0990802187,麥當勞公園分公司,中正區,公園路30號1樓,,,,,301322.402,2771008.164,,,,,,黎明里,美食佳餚,西式料理,速食店,,
1011003248,麥當勞,中正區,北平西路3號,,,,,301341.563,2771306.573,,,,,,黎明里,美食佳餚,西式料理,速食店,,
0950500146,麥當勞台北新光南西店,中山區,南京西路12號,,,,0,301761.864,2771878.774,www.mcdonalds.com.tw/,McDonalds Xinguang Nanxi Branch,1,,,民安里,美食佳餚,西式料理,速食店,,
0950500212,麥當勞台北石牌店,北投區,石牌路二段126號,,,,0,301344.609,2779140.163,www.mcdonalds.com.tw/,McDonalds Taipei Shipai Branch,1,,,振華里,美食佳餚,西式料理,速食店,,
0950104183,肯德基,內湖區,東湖路122號,,,,0,311342.745,2773667.631,,,1,,,五分里,美食佳餚,西式料理,速食店,,
0950500079,肯德基台北士林店,士林區,文林路88號,,,,0,302221.832,2775753.224,www.kfcclub.com.tw,KFC Taipei Shilin Branch,1,,,仁勇里,美食佳餚,西式料理,速食店,,
0950500204,肯德基台北興隆店,文山區,興隆路三段114號,,,,0,305442.186,2766005.773,www.kfcclub.com.tw,KFC Xing Long Branch,1,,,興得里,美食佳餚,西式料理,速食店,,
0950500078,肯德基台北天母店,士林區,天母東路6之4號1樓,,,,0,302700.452,2779158.017,www.kfcclub.com.tw,KFC Tianmu Branch,1,,,天福里,美食佳餚,西式料理,速食店,,
0950500238,肯德基台北101店,信義區,市府路45號地下1層,,,,0,306074.621,2769869.038,www.kfcclub.com.tw,KFC Taipei 101 Branch,1,,,西村里,美食佳餚,西式料理,速食店,,
0950500091,肯德基台北承德一店,大同區,承德路一段38號,,,,0,301313.58,2771707.565,www.kfcclub.com.tw,KFC Taipei Chengde Branch,1,,,建明里,美食佳餚,西式料理,速食店,,
0950500169,肯德基台北漢口店,中正區,漢口街一段50號,,,,0,300982.005,2771075.718,www.kfcclub.com.tw,KFC Hankou Branch,1,,,黎明里,美食佳餚,西式料理,速食店,,
0950500217,肯德基北投光明店,北投區,泉源路3之1號,,,,0,300005.371,2781213.405,www.kfcclub.com.tw,KFC Beitou Branch,1,,,中心里,美食佳餚,西式料理,速食店,,
0950500124,肯德基台北台大店,大安區,新生南路三段96之1號,,,,0,302976.698,2767991.053,www.kfcclub.com.tw,KFC Taipei National Taiwan University Branch,1,,,大學里,美食佳餚,西式料理,速食店,,
0950500264,肯德基台北峨嵋店,萬華區,峨眉街14之16號2樓,,,,0,300338.492,2770884.689,www.kfcclub.com.tw,KFC Taipei Emei Branch,1,,,西門里,美食佳餚,西式料理,速食店,,
0950500224,肯德基台北八德店,松山區,八德路四段721號,,,,0,307405.76,2771668.446,www.kfcclub.com.tw,KFC Bade Branch,1,,,慈祐里,美食佳餚,西式料理,速食店,,
0950500161,肯德基台北三越店,中正區,忠孝西路一段66號,,,,0,301164.81,2771200.66,www.kfcclub.com.tw,KFC Taipei Sanyue Branch,1,,,黎明里,美食佳餚,西式料理,速食店,,
0950500259,肯德基台北成都店,萬華區,成都路87號,,,,0,300099.452,2770855.496,www.kfcclub.com.tw,KFC Taipei Chengdu Branch,1,,,菜園里,美食佳餚,西式料理,速食店,,
0950502271,肯德基,中山區,南京東路三段222號,,,,0,304017.935,2771814.054,www.kfcclub.com.tw,KFC Taipei Zhongshan Branch,0,,,,美食佳餚,西式料理,速食店,,
0951205643,肯德基南西店,大同區,南京西路22號地下1層,,,,0,301635.481,2771906.026,,,0,,,,美食佳餚,西式料理,速食店,,
0970803350,肯德基,北投區,東華街一段550號,,,,0,301169.371,2778816.925,,,0,,,振華里,美食佳餚,西式料理,速食店,,
0961107977,肯德基KFC,大同區,承德路一段36號,,,,0,301312.262,2771702.966,,,,,,,美食佳餚,西式料理,速食店,,
0981014704,肯德基,中山區,敬業三路123號,,,,,305208.698,2775156.636,,,,,,成功里,美食佳餚,西式料理,速食店,,
1001006838,肯德基,松山區,南京東路五段164號,,,,,305990.798,2771771.116,,,,,,吉祥里,美食佳餚,西式料理,速食店,,
1001001399,肯德基,內湖區,內湖路一段230號,,,,,306145.103,2775229.648,,,,,,西康里,美食佳餚,西式料理,速食店,,
1021006251,KFC肯德基,大安區,信義路三段89號,,,,,303501.772,2769828.441,,,,,,和安里,美食佳餚,西式料理,速食店,,
0950101111,頂呱呱炸雞,萬華區,漢中街109之2號,,,,0,300376.336,2770858.031,,,0,,,,美食佳餚,西式料理,速食店,,
0950500174,頂呱呱,中正區,羅斯福路四段134號,,,,0,303251.355,2767524.992,,,0,,,,美食佳餚,西式料理,速食店,,
0950500466,頂呱呱大同店,中山區,民權西路54之1號,,,,0,301677.293,2773020.633,www.tkkinc.com.tw/default.asp,T.K.K Fried Chicken Datong Branch ,0,,,集英里,美食佳餚,西式料理,速食店,,
0950500172,頂呱呱濟南店,中正區,濟南路二段9號1樓,,,,0,302358.437,2770674.392,www.tkkinc.com.tw/default.asp,T.K.K Fried Chicken Jinan Branch ,1,,,幸福里,美食佳餚,西式料理,速食店,,
0950500463,頂呱呱福林店,士林區,中正路235巷16號1樓,,,,0,302230.392,2776578.008,www.tkkinc.com.tw/default.asp,T.K.K Fried Chicken Fulin Branch ,0,,,福林里,美食佳餚,西式料理,速食店,,
0950500191,頂呱呱瑞光店,內湖區,瑞光路279號,,,,0,307343.789,2774462.433,www.tkkinc.com.tw/default.asp,T.K.K Fried Chicken Ruiguang Branch ,1,,,港墘里,美食佳餚,西式料理,速食店,,
0950500214,頂呱呱北投店,北投區,光明路218之2號,,,,0,300014.228,2781166.879,www.tkkinc.com.tw/default.asp,T.K.K Fried Chicken Beitou Branch ,1,,,長安里,美食佳餚,西式料理,速食店,,
0950500253,頂呱呱昆陽店,南港區,忠孝東路六段392號,,,,0,308935.637,2771636.915,www.tkkinc.com.tw/default.asp,T.K.K Fried Chicken Kunyang Branch ,1,,,新光里,美食佳餚,西式料理,速食店,,
0950500261,頂呱呱西門店,萬華區,昆明街92之2號,,,,0,300154.605,2771054.841,www.tkkinc.com.tw/default.asp,T.K.K Fried Chicken Ximen Branch ,1,,,萬壽里,美食佳餚,西式料理,速食店,,
0950500189,頂呱呱德安店,內湖區,康寧路一段33巷15號,,,,0,308836.463,2775086.513,www.tkkinc.com.tw/default.asp,T.K.K Fried  Chicken Dean Branch ,1,,,紫星里,美食佳餚,西式料理,速食店,,
0950500109,頂呱呱忠孝店,大安區,忠孝東路四段177號1樓,,,,0,304733.339,2770713.313,www.tkkinc.com.tw/default.asp,T.K.K Fried Chicken Zhongxiao Branch ,1,,,建安里,美食佳餚,西式料理,速食店,,
0950500150,頂呱呱建國店,中山區,南京東路三段17號,,,,0,303406.827,2771869.035,www.tkkinc.com.tw/default.asp,T.K.K Fried Chicken Jianguo Branch ,1,,,復華里,美食佳餚,西式料理,速食店,,
0950500166,頂呱呱南昌店,中正區,南昌路二段3號,,,,0,301573.531,2769255.093,www.tkkinc.com.tw/default.asp,T.K.K Fried  Chicken Nanchang Branch ,1,,,南福里,美食佳餚,西式料理,速食店,,
0950100556,SUBWAY 潛艇堡,中山區,中山北路三段49號,,,,0,301899.196,2773494.862,,,0,,,圓山里,美食佳餚,西式料理,速食店,,
0950102613,SUBWAY潛艇堡沙拉,文山區,萬壽路27號,,,,0,307375.24,2764847.197,,,0,,,萬興里,美食佳餚,西式料理,速食店,,
0950102609,SUBWAY潛艇堡沙拉,信義區,松德路28號,,,,0,307393.928,2770446.887,,,0,,,廣居里,美食佳餚,西式料理,速食店,,
0950102608,SUBWAY潛艇堡沙拉,信義區,光復南路435號,,,,0,305448.362,2770061.335,,,0,,,正和里,美食佳餚,西式料理,速食店,,
0950126803,SUBWAY潛艇堡,中正區,延平南路165號,,,,0,300405.443,2769964.228,,,0,,,,美食佳餚,西式料理,速食店,,
0950150788,潛艇堡SUBWAY沙拉,中正區,愛國東路108號,,,,0,301745.104,2769721.809,,,0,,,,美食佳餚,西式料理,速食店,,
0950102610,SUBWAY潛艇堡沙拉,大安區,金山南路二段230號,,,,0,302236.498,2769106.613,,,0,,,錦華里,美食佳餚,西式料理,速食店,,
0950141732,Subway,中正區,衡陽路23號,,,,0,300924.356,2770775.64,,,0,,,光復里,美食佳餚,西式料理,速食店,,
0950147003,SUBWAY 潛艇堡,大安區,羅斯福路三段333巷10號,,,,0,302917.244,2768013.803,,,0,,,大學里,美食佳餚,西式料理,速食店,,
0950501182,SUBWAY,文山區,興隆路三段79巷1號,,,,0,305343.547,2766120.032,,,0,,,興光里,美食佳餚,西式料理,速食店,,
0950145420,Subway,大安區,敦化南路二段150號,,,,0,304502.594,2768897.785,,,0,,,,美食佳餚,西式料理,速食店,,
0950502399,Subway,中正區,濟南路二段58之2號,,,,0,302830.586,2770536.295,,,0,,,,美食佳餚,西式料理,速食店,,
0950150141,SUBWAY 101,士林區,大東路51號,,,,0,302159.767,2776026.461,,,0,,,,美食佳餚,西式料理,速食店,,
0950502171,SUBWAY 潛艇堡,大安區,師大路59巷10號1樓,,,,0,302567.112,2768732.304,,,0,,,龍泉里,美食佳餚,西式料理,速食店,,
0951205393,SUBWAY,大安區,信義路三段109之3號,,,,0,303586.166,2769820.196,,,0,,,,美食佳餚,西式料理,速食店,,
0961101648,SUBWAY 潛艇堡,大安區,信義路三段27號,,,,0,303096.428,2769828.766,,,,,,,美食佳餚,西式料理,速食店,,
0971100370,SUBWAY潛艇堡,士林區,中正路120之3號,,,,,302487.482,2776743.947,,,,,,福志里,美食佳餚,西式料理,速食店,,
0950505568,SUBWAY,內湖區,瑞光路277號1樓,,,,0,307347.017,2774460.286,,,0,,,港墘里,美食佳餚,西式料理,速食店,,
0971103044,SUBWAY,士林區,天母東路31號,,,,,302816.539,2779179.36,,,,,,天山里,美食佳餚,西式料理,速食店,,
0970802050,SUBWAY,士林區,格致路14號,,,,0,304257.979,2781196.471,,,0,,,,美食佳餚,西式料理,速食店,,
0971100369,SUBWAY,信義區,忠孝東路五段271號,,,,,306807.67,2770659.975,,,,,,富台里,美食佳餚,西式料理,速食店,,
0981014592,SUBWAY,中山區,大直街48號,,,,0,304275.278,2775215.292,,,0,,,大直里,美食佳餚,西式料理,速食店,,
0981007446,SUBWAY潛艇堡,大安區,安居街7號,,,,,305206.523,2768440.14,,,,,,黎孝里,美食佳餚,西式料理,速食店,,
0981015218,SUBWAY西湖店,內湖區,內湖路一段419號,,,,,306796.306,2775137.532,,,,,,麗山里,美食佳餚,西式料理,速食店,,
0990802202,SUBWAY,萬華區,西園路二段288之1號,,,,,299029.567,2769107.625,,,,,,和德里,美食佳餚,西式料理,速食店,,
0981003852,SUBWAY,大安區,新生南路三段8號1樓,,,,,303113.973,2768882.93,,,,,,龍坡里,美食佳餚,西式料理,速食店,,
0991004377,Subway,士林區,中山北路六段444號,,,,,302356.963,2778728.115,,,,,,天祿里,美食佳餚,西式料理,速食店,,
0981012801,SUBWAY,中山區,民權東路二段74號,,,,,302769.953,2772992.911,,,,,,新生里,美食佳餚,西式料理,速食店,,
1001003365,SUBWAY,大安區,延吉街228巷3號,,,,,305209.252,2770189.02,,,,,,光信里,美食佳餚,西式料理,速食店,,
1001010739,SUBWAY,內湖區,東湖路7巷19號,,,,,310964.146,2773823.721,,,,,,安湖里,美食佳餚,西式料理,速食店,,
0981009196,SUBWAY,大安區,延吉街131巷2弄11號,,,,0,305136.754,2770767.18,,,0,,,華聲里,美食佳餚,西式料理,速食店,,
1010800684,Subway南海店,中正區,南海路38之1號,,,,,301225.251,2769646.352,,,,,,龍福里,美食佳餚,西式料理,速食店,,
0991004378,subway 潛艇堡、沙拉,信義區,吳興街220巷19號,,,,,305943.69,2769135.318,,,,,,景勤里,美食佳餚,西式料理,速食店,,
1001000459,SUBWAY 潛艇堡,松山區,三民路146號,,,,,306008.263,2772860.908,,,,,,富錦里,美食佳餚,西式料理,速食店,,
1001005615,SUBWAY,中山區,長安東路二段92號,,,,,303103.387,2771440.775,,,,,,朱園里,美食佳餚,西式料理,速食店,,
1011000085,SUBWAY,士林區,美德街62號,,,,,302134.955,2776661.206,,,,,,舊佳里,美食佳餚,西式料理,速食店,,
1021003172,SUBWAY,松山區,敦化北路340號,,,,,304850.256,2773145.095,,,,,,精忠里,美食佳餚,西式料理,速食店,,
1021003171,SUBWAY,松山區,民生東路五段69巷2弄2號,,,,,305506.371,2772641.947,,,,,,東榮里,美食佳餚,西式料理,速食店,,
0950124352,SUBWAY,北投區,石牌路一段158號,,,,0,300930.358,2778742.092,,,0,,,榮光里,美食佳餚,西式料理,速食店,,
0951209592,SUBWAY 潛艇堡,大安區,羅斯福路三段241號,,,,0,302648.828,2768232.69,,,0,,,,美食佳餚,西式料理,速食店,,
1001003484,SUBWAY 潛艇堡,大安區,忠孝東路三段216巷2號,,,,,303659.908,2770659.642,,,,,,義村里,美食佳餚,西式料理,速食店,,
